{"6": -40.0, "7": 38.20000000000028, "8": 22.600000000000243}