{"6": -90.0, "7": 20.200000000000237, "8": 19.600000000000236}