{"6": -70.0, "7": 58.60000000000033, "8": 45.4000000000003}