{"6": -50.0, "7": 47.8000000000003, "8": 29.80000000000026}