{"6": -50.0, "7": 16.60000000000023, "8": 62.80000000000034}