{"6": -50.0, "7": 50.80000000000031, "8": 46.6000000000003}