{"6": -50.0, "7": 44.800000000000296, "8": 23.800000000000246}