{"5": 82.60000000000016, "4": 53.80000000000032, "8": 56.800000000000324}