{"5": 62.80000000000034, "4": -50.0, "8": 25.60000000000025}