{"5": 81.40000000000018, "4": 64.00000000000034, "8": 70.60000000000028}