{"5": 83.80000000000015, "4": 56.20000000000032, "8": 56.800000000000324}