{"5": 65.20000000000033, "4": -10.0, "8": 52.600000000000314}