{"5": 65.20000000000033, "4": 16.60000000000023, "8": 32.200000000000266}