{"5": 89.2000000000001, "4": 11.20000000000023, "8": 45.4000000000003}