{"5": 82.00000000000017, "4": 53.80000000000032, "8": 56.800000000000324}