{"5": 88.00000000000011, "4": 38.20000000000028, "8": 37.60000000000028}