{"5": 44.800000000000296, "4": -90.0, "8": 26.20000000000025}