{"5": 9.200000000000102, "4": -70.0, "8": 37.00000000000028}