{"5": 88.00000000000011, "4": -40.0, "8": 29.80000000000026}