{"5": 85.60000000000014, "4": 9.400000000000231, "8": 44.200000000000294}