{"5": 79.0000000000002, "4": 41.20000000000029, "8": 50.20000000000031}