{"5": 72.40000000000026, "4": 38.20000000000028, "8": 44.200000000000294}