{"5": 73.60000000000025, "4": 46.0000000000003, "8": 36.400000000000276}