{"5": 85.60000000000014, "4": 38.20000000000028, "8": 37.60000000000028}