{"5": 88.00000000000011, "4": 56.800000000000324, "8": 48.400000000000304}