{"5": 73.00000000000026, "4": 34.60000000000027, "8": -90.0}