{"5": -12.59999999999988, "4": -52.7999999999997, "8": -100}