{"5": 90.40000000000009, "4": 41.20000000000029, "8": 56.800000000000324}