{"5": 70.00000000000028, "4": 29.20000000000026, "8": 38.80000000000028}