{"5": 83.20000000000016, "4": 56.800000000000324, "8": 26.800000000000253}