{"5": 89.2000000000001, "4": 29.80000000000026, "8": 56.800000000000324}