{"6": -70.0, "7": 41.20000000000029, "8": 4.600000000000234}