{"6": -40.0, "7": 62.80000000000034, "8": 46.0000000000003}