{"6": -60.0, "7": 54.40000000000032, "8": 21.40000000000024}