{"6": -50.0, "7": 43.00000000000029, "8": 29.80000000000026}