{"6": -50.0, "7": 31.000000000000263, "8": 22.600000000000243}