{"6": -40.0, "7": 49.000000000000306, "8": 29.80000000000026}