{"6": -50.0, "7": 28.600000000000257, "8": 60.40000000000033}