{"6": -70.0, "7": 46.6000000000003, "8": 64.00000000000034}