{"6": -60.0, "7": 58.00000000000033, "8": 50.80000000000031}