{"6": -50.0, "7": 44.200000000000294, "8": 46.6000000000003}