{"6": -90.0, "7": 31.000000000000263, "8": 28.000000000000256}