{"6": -70.0, "7": 39.40000000000028, "8": 28.000000000000256}