{"6": -70.0, "7": 44.800000000000296, "8": 21.40000000000024}