{"6": -70.0, "7": 32.80000000000027, "8": 29.80000000000026}