{"6": -50.0, "7": 49.000000000000306, "8": 21.40000000000024}