{"6": -60.0, "7": 40.600000000000286, "8": 29.80000000000026}