{"6": -80.0, "7": 1.6000000000002341, "8": 21.40000000000024}