{"6": -70.0, "7": 53.200000000000315, "8": 51.40000000000031}