{"6": -70.0, "7": 53.200000000000315, "8": 47.8000000000003}