{"1": 66.73730981109512, "3": 65.87313081588582, "2": 39.26665872310225}