{"6": -20.0, "7": 57.400000000000325, "8": 28.000000000000256}