{"6": -90.0, "7": 8.800000000000232, "8": 28.000000000000256}