{"6": -90.0, "7": 28.000000000000256, "8": 28.000000000000256}