{"6": -40.0, "7": 59.20000000000033, "8": 57.400000000000325}