{"6": -60.0, "7": 30.40000000000026, "8": 22.600000000000243}