{"6": -70.0, "7": 30.40000000000026, "8": 40.000000000000284}