{"6": -40.0, "7": 30.40000000000026, "8": 55.60000000000032}