{"6": 22.600000000000243, "7": 51.40000000000031, "8": 36.400000000000276}