{"6": -30.0, "7": 59.80000000000033, "8": 53.200000000000315}