{"6": -30.0, "7": 59.80000000000033, "8": 47.2000000000003}