{"6": -30.0, "7": 15.400000000000228, "8": 53.200000000000315}