{"6": -90.0, "7": 34.60000000000027, "8": 62.80000000000034}