{"6": -70.0, "7": 1.000000000000234, "8": 22.600000000000243}