{"6": -90.0, "7": 34.60000000000027, "8": 19.600000000000236}