{"6": -50.0, "7": 64.60000000000034, "8": 55.60000000000032}