{"6": -90.0, "7": 33.40000000000027, "8": 5.800000000000233}