{"6": -50.0, "7": 56.800000000000324, "8": 56.20000000000032}