{"6": -30.0, "7": 58.60000000000033, "8": 56.20000000000032}