{"6": 8.800000000000232, "7": -30.0, "8": 64.00000000000034}