{"5": 67.00000000000031, "4": 16.400000000000276, "8": 54.40000000000032}