{"5": 83.20000000000016, "4": 35.20000000000027, "8": 30.40000000000026}