{"5": 9.200000000000102, "4": -90.0, "8": 22.600000000000243}