{"5": 12.40000000000023, "4": -70.0, "8": 18.400000000000233}