{"5": 82.00000000000017, "4": 1.000000000000234, "8": -90.0}