{"5": 65.80000000000032, "4": 65.20000000000033, "8": 45.4000000000003}