{"5": 81.40000000000018, "4": 65.20000000000033, "8": 45.4000000000003}