{"5": 69.40000000000029, "4": 11.20000000000023, "8": -80.0}