{"5": 83.20000000000016, "4": 2.200000000000234, "8": 13.00000000000023}