{"5": 71.80000000000027, "4": 11.20000000000023, "8": -80.0}