{"5": 74.20000000000024, "4": 11.20000000000023, "8": 22.00000000000024}