{"5": 47.8000000000003, "4": 58.60000000000033, "8": 27.400000000000254}