{"5": 72.40000000000026, "4": 32.600000000000314, "8": 52.00000000000031}