{"5": 82.60000000000016, "4": 32.600000000000314, "8": 59.20000000000033}