{"5": 76.00000000000023, "4": 12.800000000000267, "8": -80.0}