{"5": 91.00000000000009, "4": 49.60000000000031, "8": 52.00000000000031}