{"5": 85.60000000000014, "4": 11.20000000000023, "8": -80.0}