{"5": 70.60000000000028, "4": -50.0, "8": 17.20000000000023}