{"5": 50.20000000000031, "4": -70.0, "8": 46.0000000000003}