{"5": 83.80000000000015, "4": 49.60000000000031, "8": 59.20000000000033}