{"5": 70.60000000000028, "4": -50.0, "8": 39.40000000000028}