{"5": 95.20000000000005, "4": -70.0, "8": 39.40000000000028}