{"5": 85.60000000000014, "4": -70.0, "8": 53.80000000000032}