{"5": 88.00000000000011, "4": 28.600000000000257, "8": 29.20000000000026}