{"5": 86.20000000000013, "4": -20.0, "8": 39.40000000000028}