{"6": -80.0, "7": 8.200000000000232, "8": 40.600000000000286}