{"6": -100, "7": 33.40000000000027, "8": 47.8000000000003}