{"6": -50.0, "7": 34.00000000000027, "8": 46.6000000000003}