{"6": -40.0, "7": 55.00000000000032, "8": 23.800000000000246}