{"6": -20.0, "7": 55.00000000000032, "8": 46.6000000000003}