{"6": -70.0, "7": -15.599999999999753, "8": 29.80000000000026}