{"6": -80.0, "7": 49.60000000000031, "8": 47.2000000000003}