{"6": -60.0, "7": 23.800000000000246, "8": 22.600000000000243}