{"6": -60.0, "7": 11.20000000000023, "8": 29.80000000000026}