{"6": -40.0, "7": 52.600000000000314, "8": 38.80000000000028}