{"6": -60.0, "7": 46.6000000000003, "8": 55.00000000000032}