{"6": -10.0, "7": 52.600000000000314, "8": 48.400000000000304}