{"6": -40.0, "7": 47.8000000000003, "8": 55.60000000000032}