{"6": -40.0, "7": 20.200000000000237, "8": 55.60000000000032}