{"6": -40.0, "7": 39.40000000000028, "8": 49.60000000000031}