{"6": -50.0, "7": 4.600000000000234, "8": 49.000000000000306}