{"6": -70.0, "7": 2.8000000000002343, "8": 29.80000000000026}