{"6": -90.0, "7": 22.00000000000024, "8": 21.40000000000024}