{"6": -80.0, "7": 24.400000000000247, "8": 29.20000000000026}