{"6": -50.0, "7": 51.40000000000031, "8": 44.800000000000296}