{"6": -90.0, "7": 47.2000000000003, "8": 29.20000000000026}