{"6": -70.0, "7": 14.200000000000228, "8": 22.600000000000243}