{"6": -60.0, "7": 51.40000000000031, "8": 55.60000000000032}