{"6": -50.0, "7": 55.00000000000032, "8": 45.4000000000003}