{"6": -80.0, "7": 41.80000000000029, "8": 28.000000000000256}