{"6": -70.0, "7": 10.60000000000023, "8": 45.4000000000003}