{"6": 18.400000000000233, "7": 52.600000000000314, "8": 56.20000000000032}