{"6": 18.400000000000233, "7": 21.40000000000024, "8": 40.000000000000284}