{"6": -70.0, "7": 53.80000000000032, "8": 46.0000000000003}