{"6": -50.0, "7": 17.80000000000023, "8": 46.0000000000003}