{"6": -40.0, "7": 63.40000000000034, "8": 25.00000000000025}