{"6": -40.0, "7": 62.20000000000034, "8": 47.2000000000003}