{"6": -40.0, "7": 61.000000000000334, "8": 47.8000000000003}