{"6": -50.0, "7": 62.80000000000034, "8": 47.8000000000003}