{"5": -14.999999999999858, "4": -90.0, "8": 25.00000000000025}