{"5": -8.39999999999992, "4": -98.39999999999976, "8": -100}