{"5": 80.20000000000019, "4": -70.0, "8": 33.40000000000027}