{"5": 70.60000000000028, "4": -10.0, "8": 33.40000000000027}