{"5": 78.4000000000002, "4": -60.0, "8": 62.80000000000034}