{"5": 90.40000000000009, "4": -40.0, "8": 54.40000000000032}