{"5": 88.60000000000011, "4": -10.0, "8": 33.40000000000027}