{"5": 80.20000000000019, "4": 41.20000000000029, "8": 64.60000000000034}