{"5": -26.39999999999975, "4": -50.39999999999969, "8": -100}