{"5": 74.20000000000024, "4": 46.6000000000003, "8": 32.80000000000027}