{"5": 88.00000000000011, "4": 37.00000000000028, "8": -90.0}