{"5": 88.00000000000011, "4": 53.80000000000032, "8": 26.800000000000253}