{"5": 50.20000000000031, "4": -60.0, "8": 68.8000000000003}