{"5": 88.00000000000011, "4": 35.20000000000027, "8": 15.400000000000228}