{"5": 42.600000000000165, "4": -50.0, "8": 8.800000000000232}