{"5": -13.199999999999875, "4": -52.7999999999997, "8": -100}