{"5": 88.00000000000011, "4": 34.60000000000027, "8": 46.6000000000003}