{"5": 92.20000000000007, "4": 47.8000000000003, "8": 43.60000000000029}