{"5": 74.20000000000024, "4": 17.20000000000023, "8": -90.0}