{"5": 88.00000000000011, "4": -70.0, "8": 31.600000000000264}