{"5": 28.000000000000256, "4": -50.0, "8": 47.8000000000003}