{"5": 83.20000000000016, "4": 9.200000000000259, "8": 25.60000000000025}