{"5": 85.00000000000014, "4": -10.0, "8": 45.4000000000003}