{"5": 92.20000000000007, "4": 34.60000000000027, "8": 60.40000000000033}