{"5": 83.20000000000016, "4": 42.40000000000029, "8": 31.600000000000264}