{"5": 85.00000000000014, "4": 39.40000000000028, "8": 38.20000000000028}