{"5": 91.00000000000009, "4": 55.00000000000032, "8": 70.00000000000028}