{"5": 77.20000000000022, "4": 6.400000000000233, "8": 25.00000000000025}