{"5": 89.8000000000001, "4": 22.600000000000243, "8": 56.800000000000324}