{"5": 92.20000000000007, "4": 43.60000000000029, "8": 55.00000000000032}