{"5": 80.20000000000019, "4": 6.400000000000233, "8": 25.00000000000025}