{"5": 88.00000000000011, "4": 60.40000000000033, "8": 44.200000000000294}