{"5": 79.6000000000002, "4": 6.400000000000233, "8": 27.400000000000254}