{"5": 85.60000000000014, "4": 6.400000000000233, "8": 27.400000000000254}