{"5": -19.199999999999818, "4": -90.0, "8": 21.40000000000024}