{"5": 83.20000000000016, "4": 55.00000000000032, "8": 54.40000000000032}