{"5": 74.20000000000024, "4": 34.60000000000027, "8": -90.0}