{"5": 73.60000000000025, "4": 50.20000000000031, "8": 70.00000000000028}