{"5": -10.799999999999898, "4": -79.39999999999976, "8": -80.0}