{"5": 71.80000000000027, "4": 55.00000000000032, "8": 70.00000000000028}