{"5": 85.00000000000014, "4": 55.00000000000032, "8": 70.00000000000028}