{"5": 71.80000000000027, "4": 34.60000000000027, "8": -80.0}