{"5": 32.80000000000027, "4": 50.20000000000031, "8": -50.0}