{"5": 81.40000000000018, "4": 55.00000000000032, "8": 54.40000000000032}