{"5": 2.600000000000165, "4": -90.0, "8": 21.40000000000024}