{"5": 71.80000000000027, "4": 49.000000000000306, "8": 35.800000000000274}