{"5": 86.80000000000013, "4": -60.0, "8": 28.000000000000256}