{"5": -42.1999999999997, "4": -90.0, "8": 22.600000000000243}