{"5": 85.60000000000014, "4": 43.60000000000029, "8": -80.0}