{"5": 83.20000000000016, "4": 54.40000000000032, "8": 26.800000000000253}