{"5": 85.00000000000014, "4": 49.000000000000306, "8": 35.800000000000274}