{"5": 88.00000000000011, "4": 50.80000000000031, "8": 40.600000000000286}