{"5": 83.20000000000016, "4": 39.40000000000028, "8": 50.20000000000031}