{"5": 85.60000000000014, "4": 39.40000000000028, "8": 50.20000000000031}