{"6": -90.0, "7": 71.20000000000027, "8": 61.000000000000334}