{"6": -10.0, "7": 36.400000000000276, "8": 29.20000000000026}