{"6": -30.0, "7": 44.800000000000296, "8": 46.0000000000003}