{"6": -70.0, "7": 20.80000000000024, "8": 60.40000000000033}