{"6": 5.200000000000234, "7": 60.40000000000033, "8": 45.4000000000003}