{"1": 30.768891383145412, "6": 66.77964417492167, "7": 39.07307397402959, "8": 74.6181839825939}