{"5": -13.79999999999987, "4": -98.39999999999976, "8": -100}