{"5": 79.6000000000002, "4": 41.80000000000029, "8": 55.00000000000032}