{"5": 83.20000000000016, "4": 11.20000000000023, "8": -80.0}