{"5": 89.8000000000001, "4": 48.400000000000304, "8": 71.20000000000027}