{"5": 83.20000000000016, "4": 34.60000000000027, "8": -80.0}