{"5": 75.40000000000023, "4": 11.20000000000023, "8": 20.80000000000024}