{"5": 92.20000000000007, "4": 11.20000000000023, "8": 20.80000000000024}