{"5": 68.8000000000003, "4": 34.60000000000027, "8": 32.80000000000027}