{"6": -30.0, "7": 62.20000000000034, "8": 46.6000000000003}