{"6": -40.0, "7": 62.20000000000034, "8": 46.0000000000003}