{"6": -60.0, "7": 6.400000000000233, "8": 21.40000000000024}