{"6": -60.0, "7": 37.60000000000028, "8": 29.80000000000026}