{"6": -70.0, "7": 65.80000000000032, "8": 22.600000000000243}