{"6": -70.0, "7": 65.80000000000032, "8": 57.400000000000325}