{"6": -50.0, "7": 37.60000000000028, "8": 21.40000000000024}