{"6": -40.0, "7": 63.40000000000034, "8": 53.200000000000315}