{"6": -60.0, "7": 27.400000000000254, "8": 51.40000000000031}