{"6": -70.0, "7": 46.6000000000003, "8": 46.6000000000003}