{"6": -40.0, "7": 43.60000000000029, "8": 47.8000000000003}