{"6": -30.0, "7": 52.600000000000314, "8": 47.8000000000003}