{"6": -50.0, "7": 47.8000000000003, "8": 64.00000000000034}