{"6": -20.0, "7": 54.40000000000032, "8": 49.000000000000306}