{"6": -70.0, "7": 20.80000000000024, "8": 28.000000000000256}