{"6": -80.0, "7": 22.00000000000024, "8": 47.2000000000003}