{"6": -30.0, "7": 49.60000000000031, "8": 29.80000000000026}