{"5": 75.40000000000023, "4": 34.60000000000027, "8": -80.0}