{"5": -23.39999999999978, "4": -55.199999999999704, "8": -100}