{"5": 86.20000000000013, "4": 41.80000000000029, "8": 26.800000000000253}