{"5": 86.80000000000013, "4": 26.800000000000253, "8": 51.40000000000031}