{"5": 77.20000000000022, "4": 38.80000000000028, "8": 55.60000000000032}