{"5": 82.00000000000017, "4": 28.600000000000257, "8": 64.00000000000034}