{"6": -40.0, "7": 4.600000000000234, "8": 29.80000000000026}