{"6": -50.0, "7": 19.600000000000236, "8": 47.8000000000003}