{"6": -50.0, "7": 4.600000000000234, "8": 25.00000000000025}