{"5": -0.39999999999980673, "4": -90.0, "8": 22.600000000000243}