{"5": 69.40000000000029, "4": 34.60000000000027, "8": 5.200000000000234}