{"5": 76.00000000000023, "4": 53.200000000000315, "8": 56.800000000000324}