{"5": 85.00000000000014, "4": 34.60000000000027, "8": 33.40000000000027}