{"5": 85.00000000000014, "4": 35.20000000000027, "8": 47.8000000000003}