{"5": 90.736552407039, "4": 88.22825269974835, "8": 89.85157441175592}