{"5": 64.00000000000034, "4": 52.00000000000031, "8": 70.00000000000028}