{"5": -0.39999999999980673, "4": -90.0, "8": 29.80000000000026}