{"5": 59.80000000000033, "4": -20.0, "8": 20.200000000000237}