{"5": 86.80000000000013, "4": 46.0000000000003, "8": 57.400000000000325}