{"5": 70.60000000000028, "4": 38.80000000000028, "8": 50.20000000000031}