{"5": 85.60000000000014, "4": 34.00000000000027, "8": 61.600000000000335}