{"5": -14.399999999999864, "4": -52.7999999999997, "8": -100}