{"5": 82.60000000000016, "4": 44.800000000000296, "8": 56.800000000000324}