{"5": 83.20000000000016, "4": -30.0, "8": 23.200000000000244}