{"5": 88.00000000000011, "4": 40.600000000000286, "8": 61.000000000000334}