{"5": 71.20000000000027, "4": -17.799999999999766, "8": 23.200000000000244}