{"5": 81.40000000000018, "4": 44.800000000000296, "8": 56.800000000000324}