{"5": 71.20000000000027, "4": 11.20000000000023, "8": 10.000000000000231}