{"5": 71.20000000000027, "4": 39.40000000000028, "8": 35.800000000000274}