{"6": -80.0, "7": 28.000000000000256, "8": 52.00000000000031}