{"6": -50.0, "7": 37.60000000000028, "8": 28.000000000000256}