{"6": -60.0, "7": 22.00000000000024, "8": 64.60000000000034}