{"6": -50.0, "7": 48.400000000000304, "8": 29.80000000000026}