{"6": -30.0, "7": 20.200000000000237, "8": 46.0000000000003}