{"6": -60.0, "7": 45.4000000000003, "8": 52.00000000000031}