{"6": -40.0, "7": 57.400000000000325, "8": 46.0000000000003}