{"6": -80.0, "7": 13.600000000000229, "8": 22.600000000000243}