{"6": -70.0, "7": 7.600000000000232, "8": 22.600000000000243}