{"6": -80.0, "7": 29.80000000000026, "8": 29.80000000000026}