{"6": -80.0, "7": 46.0000000000003, "8": 48.400000000000304}