{"6": -80.0, "7": 46.0000000000003, "8": 53.80000000000032}