{"6": -80.0, "7": 41.80000000000029, "8": 21.40000000000024}