{"6": -50.0, "7": 29.80000000000026, "8": 51.40000000000031}