{"6": -60.0, "7": 45.4000000000003, "8": 46.6000000000003}