{"6": -70.0, "7": 50.20000000000031, "8": 46.0000000000003}