{"6": -70.0, "7": 58.60000000000033, "8": 46.6000000000003}