{"6": -30.0, "7": 44.200000000000294, "8": 47.8000000000003}