{"6": 7.600000000000232, "7": 29.20000000000026, "8": 31.000000000000263}