{"6": 7.600000000000232, "7": 16.000000000000227, "8": 66.40000000000032}