{"6": -70.0, "7": 40.600000000000286, "8": 33.40000000000027}