{"5": 83.20000000000016, "4": 0.40000000000023406, "8": 38.20000000000028}