{"5": 88.00000000000011, "4": -60.0, "8": 38.20000000000028}