{"5": -0.7999999999998977, "4": -90.0, "8": 29.80000000000026}