{"5": 85.00000000000014, "4": 0.40000000000023406, "8": 38.20000000000028}