{"5": 70.00000000000028, "4": 35.20000000000027, "8": 38.80000000000028}