{"5": 9.200000000000102, "4": -90.0, "8": 29.80000000000026}