{"5": 79.0000000000002, "4": 37.00000000000028, "8": 49.60000000000031}