{"5": 92.20000000000007, "4": 35.20000000000027, "8": 23.800000000000246}