{"5": 88.00000000000011, "4": 35.800000000000274, "8": 44.800000000000296}