{"5": 9.800000000000097, "4": -90.0, "8": 34.00000000000027}