{"5": 18.600000000000108, "4": -90.0, "8": 28.000000000000256}