{"5": 92.20000000000007, "4": -60.0, "8": 25.00000000000025}