{"5": 45.4000000000003, "4": -90.0, "8": 21.40000000000024}