{"5": 9.800000000000097, "4": -90.0, "8": 28.000000000000256}