{"5": 39.40000000000028, "4": -60.0, "8": 21.40000000000024}