{"5": 88.00000000000011, "4": 11.20000000000023, "8": -80.0}