{"5": 67.6000000000003, "4": 34.60000000000027, "8": -80.0}