{"5": 63.40000000000034, "4": 15.400000000000228, "8": -40.0}