{"5": 71.20000000000027, "4": 15.400000000000228, "8": -40.0}