{"5": 88.00000000000011, "4": 61.600000000000335, "8": 20.200000000000237}