{"5": 80.20000000000019, "4": 61.600000000000335, "8": 55.60000000000032}