{"5": 71.20000000000027, "4": 34.60000000000027, "8": -90.0}