{"5": 83.20000000000016, "4": -70.0, "8": 6.400000000000233}