{"5": 67.6000000000003, "4": -30.0, "8": 30.40000000000026}