{"5": 86.20000000000013, "4": 61.600000000000335, "8": 55.60000000000032}