{"5": 88.00000000000011, "4": -14.199999999999767, "8": 30.40000000000026}