{"5": 72.40000000000026, "4": 63.40000000000034, "8": 20.200000000000237}