{"5": -21.999999999999673, "4": -90.0, "8": 28.000000000000256}