{"5": 69.40000000000029, "4": 53.80000000000032, "8": 65.20000000000033}