{"5": 64.60000000000034, "4": 53.80000000000032, "8": 65.20000000000033}