{"5": 65.20000000000033, "4": 53.80000000000032, "8": 49.000000000000306}