{"5": 70.60000000000028, "4": -70.0, "8": 18.400000000000233}