{"5": 85.60000000000014, "4": 32.80000000000027, "8": -50.0}