{"5": 88.00000000000011, "4": 32.80000000000027, "8": 35.20000000000027}