{"5": 83.20000000000016, "4": 39.40000000000028, "8": 44.200000000000294}