{"6": -50.0, "7": 52.600000000000314, "8": 58.00000000000033}