{"6": -100, "7": 17.80000000000023, "8": 29.80000000000026}