{"6": -70.0, "7": 31.000000000000263, "8": 44.800000000000296}