{"6": -70.0, "7": 41.20000000000029, "8": 44.800000000000296}