{"6": -70.0, "7": 43.00000000000029, "8": 45.4000000000003}