{"6": -60.0, "7": 68.8000000000003, "8": 29.80000000000026}